<?xml version="1.0" encoding="UTF-8"?>
<project-private xmlns="http://www.netbeans.org/ns/project-private/1">
    <editor-bookmarks xmlns="http://www.netbeans.org/ns/editor-bookmarks/1"/>
    <editor-bookmarks xmlns="http://www.netbeans.org/ns/editor-bookmarks/2" lastBookmarkId="0"/>
    <open-files xmlns="http://www.netbeans.org/ns/projectui-open-files/2">
        <group>
            <file>file:/C:/xampp/htdocs/RumahBersalin/klinikkebidanan/src/klinikkebidanan/formmenu.java</file>
            <file>file:/C:/xampp/htdocs/RumahBersalin/klinikkebidanan/src/klinikkebidanan/formtindakan.java</file>
            <file>file:/C:/xampp/htdocs/RumahBersalin/klinikkebidanan/src/klinikkebidanan/formtrans.java</file>
            <file>file:/C:/xampp/htdocs/RumahBersalin/klinikkebidanan/src/klinikkebidanan/UserID.java</file>
            <file>file:/C:/xampp/htdocs/RumahBersalin/klinikkebidanan/src/klinikkebidanan/ctktin.java</file>
            <file>file:/C:/xampp/htdocs/RumahBersalin/klinikkebidanan/src/klinikkebidanan/formpetugas.java</file>
            <file>file:/C:/xampp/htdocs/RumahBersalin/klinikkebidanan/src/klinikkebidanan/formobat.java</file>
            <file>file:/C:/xampp/htdocs/RumahBersalin/klinikkebidanan/src/klinikkebidanan/formlaptin.java</file>
            <file>file:/C:/xampp/htdocs/RumahBersalin/klinikkebidanan/src/klinikkebidanan/formcetakbyr.java</file>
            <file>file:/C:/xampp/htdocs/RumahBersalin/klinikkebidanan/src/klinikkebidanan/pasien.java</file>
            <file>file:/C:/xampp/htdocs/RumahBersalin/klinikkebidanan/src/klinikkebidanan/formlogin.java</file>
            <file>file:/C:/xampp/htdocs/RumahBersalin/klinikkebidanan/src/klinikkebidanan/pendaftaran.java</file>
        </group>
    </open-files>
</project-private>
